,이름순,재료명,g,T,t,cup,"개, 장","병, 캔, 팩",탄,단,지
1,ㄱㄱㄱ,가지,130,N/A,N/A,N/A,1,N/A,3.8,0.8,0.2
2,,감자,150,N/A,N/A,N/A,1,N/A,25,3,0.1
4,,계란,55,N/A,N/A,N/A,1,N/A,0.4,6.3,5.3
6,,고등어,100,N/A,N/A,N/A,N/A,N/A,0,19,10
7,,고춧가루,8,1,3,N/A,N/A,N/A,4,1,0.8
8,,고추장 (저당. 해찬들),15,1,3,N/A,N/A,N/A,6.8,0.8,0.3
9,,고추장,15,1,3,N/A,N/A,N/A,7.2,0.8,0.3
10,,굴소스 (저당. 청정원),15,1,3,N/A,N/A,N/A,2.3,0.3,0.1
11,,그릭 요거트 ,100,6,18,N/A,N/A,N/A,4,10,4
12,,그린커리 페이스트 카레 (LOBO),15,1,3,N/A,N/A,N/A,2.3,0.6,1.8
13,,김 (조미),2,N/A,N/A,N/A,N/A,1,0.8,0.8,0.3
14,,김밥김,3,N/A,N/A,N/A,1,N/A,1.2,1,0.1
16,,꽈리고추,10,N/A,N/A,N/A,1,N/A,0.8,0.2,0.1
17,,깻잎,0.75,N/A,N/A,N/A,1,N/A,0.05,0.03,0.01
18,,깨 (참깨. 통깨),8,1,3,N/A,N/A,N/A,1.8,1.5,4
19,,깨 (들깨가루),100,6,18,N/A,N/A,N/A,15,16,45
20,,꿀,100,6,18,N/A,N/A,N/A,82,0.3,0
21,,파스타면 (꼰길리에. 데치코),100,N/A,N/A,N/A,N/A,N/A,72,12,1.5
22,ㄴㄴㄴ,냉면 사리,160,N/A,N/A,N/A,N/A,1,50,6,1
23,,뇨끼,100,N/A,N/A,N/A,N/A,N/A,30,4,1
24,ㄷㄷㄷ,다진마늘,15,1,3,N/A,N/A,N/A,5,1,0.1
25,,다짐육 (호주산 소고기. 냉동. 지방함량 보통 15%),100,N/A,N/A,N/A,N/A,N/A,0,18,15
26,,다짐육 (돼지 뒷다리살),100,N/A,N/A,N/A,N/A,N/A,0,20,8
27,,단무지 (CJ),100,N/A,N/A,N/A,N/A,N/A,8,0.5,0.1
28,,"단호박 (껍질·씨 제거, 찐 것)",150,N/A,N/A,N/A,1,N/A,22,2,0.2
29,,"단호박 (껍질·씨 제거,구운 것)",150,N/A,N/A,N/A,1,N/A,25,2.2,0.3
30,,당근 . 홍당무,100,N/A,N/A,N/A,1,N/A,9,1,0.2
31,,당면 (마른 것),100,N/A,N/A,N/A,N/A,N/A,85,0.5,0.1
32,,닭가슴살 (생닭),100,N/A,N/A,N/A,N/A,N/A,0,23,1.5
33,,닭가슴살 (삶은 후),100,N/A,N/A,N/A,N/A,N/A,0,30,2
34,,닭다리 (생닭. 뼈X. 껍질 X),100,N/A,N/A,N/A,N/A,N/A,0,18,5
35,,닭다리 (생닭. 뼈O. 껍질 X),100,N/A,N/A,N/A,N/A,N/A,0,15,4.5
36,,닭다리 (삶은 후),100,N/A,N/A,N/A,N/A,N/A,0,22,6
37,,닭안심 (힘줄 제거. 생닭),100,N/A,N/A,N/A,N/A,N/A,0,24,1
38,,닭안심 (힘줄 제거. 삶은 후),100,N/A,N/A,N/A,N/A,N/A,0,31,1.2
39,,닭봉,100,N/A,N/A,N/A,N/A,N/A,0,17,6
40,,대파 썰은 것,30,N/A,N/A,N/A,N/A,N/A,2,0.5,0.1
41,,대두가루 (노란콩 가루),8,1,3,N/A,N/A,N/A,2.5,3,1.5
42,,도토리묵 (풀무원),100,N/A,N/A,N/A,N/A,N/A,6,0.2,0.1
43,,돈까스 (컬리),120,N/A,N/A,N/A,1,N/A,18,12,10
44,,돈까스 소스,15,1,3,N/A,N/A,N/A,4,0.2,0.1
45,,된장,100,6,18,N/A,N/A,N/A,25,12,5
46,,돼지 뒷다리살,100,N/A,N/A,N/A,N/A,N/A,0,20,7
47,,돼지 앞다리살 (껍질제거. 지방O),100,N/A,N/A,N/A,N/A,N/A,0,18,12
48,,돼지 앞다리살 (껍질제거. 지방X),100,N/A,N/A,N/A,N/A,N/A,0,21,5
49,,돼지 목살,100,N/A,N/A,N/A,N/A,N/A,0,19,14
50,,돼지 목전지,100,N/A,N/A,N/A,N/A,N/A,0,18,13
51,,돼지 삼겹살,100,N/A,N/A,N/A,N/A,N/A,0,14,28
52,,두부,100,N/A,N/A,N/A,N/A,N/A,2,8,4
53,,두부. 곰곰. 알뜰. 800,100,N/A,N/A,N/A,N/A,N/A,2,8,4
54,,"등갈비 (돼지, 김치등갈비찜용. 여기에서 뼈, 지방 안먹는다는가정하에 계산)",100,N/A,N/A,N/A,N/A,N/A,0,20,10
55,,땅콩버터 (제이넛터 크런치),100,6,18,N/A,N/A,N/A,20,25,50
56,,딸기 (작은크기),60,N/A,N/A,N/A,6,N/A,4.5,0.5,0.2
57,,또띠아. 곰곰. 밀. 6인치. 15cm,30,N/A,N/A,N/A,1,N/A,15,3,2.5
58,ㄹㄹㄹ,라이스페이퍼,10,N/A,N/A,N/A,1,N/A,8,0.1,0
59,,라가토니 면. 파스타. 디벨라,100,N/A,N/A,N/A,N/A,N/A,72,12,1.5
60,,레몬즙,100,6,18,N/A,N/A,N/A,7,0.4,0.2
61,ㅁㅁㅁ,마요네즈,15,1,3,N/A,N/A,N/A,0.2,0.1,11
62,,마요네즈 (하프),15,1,3,N/A,N/A,N/A,2,0.2,5
63,,만두피 (곰곰),10,N/A,N/A,N/A,1,N/A,6,1,0.2
64,,매실액,100,6,18,N/A,N/A,N/A,75,0.1,0
65,,메밀면 면사랑,100,N/A,N/A,N/A,N/A,N/A,70,10,1
66,,메밀소바 소스 장국,100,6,18,N/A,N/A,N/A,15,3,0
67,,멸치,30,N/A,N/A,1,N/A,N/A,1,18,2
68,,멸치액젓,100,6,18,N/A,N/A,N/A,2,6,0.5
69,,모닝빵 (삼립. 저당),30,N/A,N/A,N/A,1,N/A,14,3,1.5
70,,무염버터 (앵커),100,6,18,N/A,N/A,N/A,0.1,0.8,81
71,,무,100,N/A,N/A,N/A,1,N/A,4,0.6,0.1
72,,무화과,50,N/A,N/A,N/A,1,N/A,10,0.8,0.2
73,,맛술 (청정원. 미림),100,6,18,N/A,N/A,N/A,40,0.1,0
74,,매실액 (매실+설탕 절인 것),100,6,18,N/A,N/A,N/A,75,0.1,0
75,,무화과,50,N/A,N/A,N/A,1,N/A,10,0.8,0.2
76,,미숫가루,100,6,18,N/A,N/A,N/A,70,15,3
77,,강력분 (백설. 밀가루),100,6,18,N/A,N/A,N/A,74,12,1
78,,밀가루 (박력분. 백설),100,6,18,N/A,N/A,N/A,76,9,1
79,,밀가루 (중력분. 백설),100,6,18,N/A,N/A,N/A,75,10,1
80,ㅂㅂㅂ,바나나,100,N/A,N/A,N/A,1,N/A,23,1.2,0.3
81,,바질 (데친 후 물기 꽉 짠 상태),100,N/A,N/A,N/A,N/A,N/A,6,3,0.6
82,,박력분,100,6,18,N/A,N/A,N/A,76,9,1
83,,배추김치,100,N/A,N/A,N/A,N/A,N/A,4,1.5,0.5
84,,버섯 (느타리),100,N/A,N/A,N/A,N/A,N/A,5,3,0.3
85,,버섯 (새송이),100,N/A,N/A,N/A,N/A,N/A,7,2.5,0.2
86,,버섯 (양송이),100,N/A,N/A,N/A,N/A,N/A,5,3,0.3
178,,버섯 (표고),20,N/A,N/A,N/A,1,N/A,3,0.5,0.1
87,,베이킹소다,100,6,18,N/A,N/A,N/A,0,0,0
88,,베이킹파우더,100,6,18,N/A,N/A,N/A,25,0,0
89,,베이글 (저당),90,N/A,N/A,N/A,1,N/A,42,10,1.5
90,,베트남쌀국수 (오뚜기),100,N/A,N/A,N/A,N/A,N/A,80,7,0.5
91,,봄동,100,N/A,N/A,N/A,N/A,N/A,4,1.5,0.2
92,,복숭아,150,N/A,N/A,N/A,1,N/A,14,1,0.1
93,,부추,100,N/A,N/A,N/A,N/A,N/A,5,2.2,0.4
94,,부라타 치즈,100,N/A,N/A,N/A,1,N/A,2,11,18
95,,브로콜리,200,N/A,N/A,N/A,1,N/A,8,5,0.8
96,,빵가루,100,6,18,N/A,N/A,N/A,70,10,2
97,ㅅㅅㅅ,"사과 (중간, 껍질 씨 제거)",180,N/A,N/A,N/A,1,N/A,25,0.5,0.3
98,,사골 곰탕,100,N/A,N/A,N/A,N/A,N/A,0.5,3.5,1.5
99,,삶은 병아리콩,100,N/A,N/A,N/A,N/A,N/A,27,9,2.5
100,,새우,100,N/A,N/A,N/A,N/A,N/A,0,18,1
101,,새우튀김 ,30,N/A,N/A,N/A,1,N/A,12,4,6
102,,생크림,100,N/A,N/A,N/A,N/A,N/A,3,2,38
103,,설탕,100,6,18,N/A,N/A,N/A,100,0,0
104,,소금,100,6,18,N/A,N/A,N/A,0,0,0
105,,소면,100,N/A,N/A,N/A,N/A,N/A,74,10,1
106,,소면 생면,100,N/A,N/A,N/A,N/A,N/A,55,8,1.2
107,,소고기 앞다리살,100,N/A,N/A,N/A,N/A,N/A,0,21,8
108,,수박,100,N/A,N/A,N/A,N/A,N/A,8,0.6,0.2
109,,순대 (곰곰 장충동식 찰순대),100,N/A,N/A,N/A,N/A,N/A,30,5,4
110,,숙주나물,100,N/A,N/A,N/A,N/A,N/A,3.5,2.8,0.1
111,,시나몬파우더,100,6,18,N/A,N/A,N/A,80,4,1.2
112,,식초,100,6,18,N/A,N/A,N/A,0.4,0,0
113,,식빵 (널담 고단백 저당 슬랩),40,N/A,N/A,N/A,1,N/A,12,8,2
114,,식빵 (직접 만든 것),50,N/A,N/A,N/A,1,N/A,25,4,2
115,,식빵 (곰곰. 저당),40,N/A,N/A,N/A,1,N/A,18,4,1.5
116,,썬드라이 토마토 (기름제거),100,6,18,N/A,N/A,N/A,30,4,3
117,ㅇㅇㅇ,아몬드 가루,100,6,18,N/A,N/A,N/A,10,21,54
118,,아보카도 (냉동),100,N/A,N/A,N/A,N/A,N/A,9,2,15
119,,알룰로스 (가루),100,6,18,N/A,N/A,N/A,98,0,0
120,,알배추,1000,N/A,N/A,N/A,1,N/A,35,15,2
121,,애호박,200,N/A,N/A,N/A,1,N/A,8,1.5,0.3
122,,양배추,100,N/A,N/A,N/A,N/A,N/A,6,1.3,0.2
123,,양배추 썰은 것,100,N/A,N/A,N/A,N/A,N/A,6,1.3,0.2
124,,양파,150,N/A,N/A,N/A,1,N/A,12,1.5,0.1
125,,어묵 (고래사어묵. 생선살 듬뿍),100,N/A,N/A,N/A,N/A,N/A,18,12,6
126,,올리브 오일. 식용유,100,6,18,N/A,N/A,N/A,0,0,100
127,,오이,150,N/A,N/A,N/A,1,N/A,3.5,0.9,0.1
128,,오트밀 (롤드. 대구농산),100,6,18,N/A,N/A,N/A,66,13,7
129,,올리브,100,6,18,N/A,N/A,N/A,6,1,15
130,,옥수수. 초당,150,N/A,N/A,N/A,1,N/A,25,3.5,1.5
131,,옥수수 (스위트콘. 동원. 노슈가. 통조림),340,N/A,N/A,N/A,N/A,1,65,8,2
132,,옥수수 (스위트콘. 이마트),340,N/A,N/A,N/A,N/A,1,68,8,2.5
133,,우유,100,N/A,N/A,N/A,N/A,N/A,4.8,3.2,3.6
134,,유부초밥. 풀무원,200,N/A,N/A,N/A,N/A,1,45,6,10
135,ㅈㅈㅈ,자두. 딱딱. 작은 것,60,N/A,N/A,N/A,1,N/A,7.5,0.5,0.1
136,,자두. 물렁. 작은 것,60,N/A,N/A,N/A,1,N/A,7.8,0.5,0.1
137,,잣,100,6,18,N/A,N/A,N/A,4,14,68
140,,쌀,100,6,18,N/A,N/A,N/A,78,6.5,0.5
142,,호랑이콩,100,6,18,N/A,N/A,N/A,60,22,2
143,,서리태콩,100,6,18,N/A,N/A,N/A,30,40,18
144,,진간장 (햇살담은 두번달여 더 진한),100,6,18,N/A,N/A,N/A,8,6,0
145,,카레가루,100,6,18,N/A,N/A,N/A,65,8,10
146,,쫄면 (면만),100,N/A,N/A,N/A,N/A,N/A,75,8,1
147,,쭈꾸미 손질된 것,100,N/A,N/A,N/A,N/A,N/A,0,15,1
148,ㅊㅊㅊ,참치액,100,6,18,N/A,N/A,N/A,5,8,0
149,,참외 (중 사이즈),250,N/A,N/A,N/A,1,N/A,20,1.5,0.2
150,,참치 (기름 빼고),100,N/A,N/A,N/A,N/A,1,0,24,5
151,,찹쌀가루,100,6,18,N/A,N/A,N/A,80,6,0.8
152,,천도,120,N/A,N/A,N/A,1,N/A,14,1,0.2
153,,청경채,50,N/A,N/A,N/A,1,N/A,1.2,0.8,0.1
154,,치즈 (필라델피아),100,6,18,N/A,N/A,N/A,4,6,30
155,,치즈 (모짜렐라),100,6,18,N/A,N/A,N/A,2,22,22
156,,치즈 (파마산),100,6,18,N/A,N/A,N/A,4,35,30
157,,치즈 (리코타),100,6,18,N/A,N/A,N/A,3,11,13
158,,치즈 (페타 루사스 포션),100,6,18,N/A,N/A,N/A,1,14,21
159,,치즈 (체다(서울우유)),20,N/A,N/A,N/A,1,N/A,0.5,4.5,6
160,,치킨스톡,100,6,18,N/A,N/A,N/A,20,10,10
161,ㅋㅋㅋ,카카오 분말 가루. 코코아파우더. 무가당. 대장균검사,100,6,18,N/A,N/A,N/A,20,20,13
162,,캐슈넛. 케슈넛,100,6,18,N/A,N/A,N/A,30,18,44
163,,콩국물 (이마트 두부코너),100,N/A,N/A,N/A,N/A,N/A,3,4,2
164,,콩나물,100,N/A,N/A,N/A,N/A,N/A,2.5,3,0.2
165,,크림소스 (폰타나. 카르니아 베이컨 앤 머쉬룸 크림 파스타 소스. 총 430g),100,N/A,N/A,N/A,N/A,1,8,2,13
166,ㅌㅌㅌ,토마토 (일반. 중),135,N/A,N/A,N/A,1,N/A,5,1,0.2
167,,토마토 (방울),13,N/A,N/A,N/A,1,N/A,0.5,0.1,0
168,,토마토홀 (줄리에토),400,N/A,N/A,N/A,N/A,1,16,3,0.5
169,,토마토 소스. 폰타나 시칠리아 아라비아따 저당 파스타 소스,100,6,18,N/A,N/A,N/A,7,1.5,2
170,,통밀빵,60,N/A,N/A,N/A,1,N/A,26,5,1.5
171,,튀김가루,100,6,18,N/A,N/A,N/A,75,8,1
172,ㅍㅍㅍ,파스타면 (링귀니),100,N/A,N/A,N/A,N/A,N/A,74,12,1.5
173,,파스타면 (리가토니),100,N/A,N/A,N/A,N/A,N/A,72,12,1.5
174,,파스타면 (스파게티),100,N/A,N/A,N/A,N/A,N/A,74,12,1.5
175,,파프리카,150,N/A,N/A,N/A,1,N/A,9,1.2,0.3
176,,팥,100,6,18,N/A,N/A,N/A,60,20,1
177,,포도,100,N/A,N/A,N/A,N/A,N/A,16,0.6,0.3
179,ㅎㅎㅎ,후추가루,2,N/A,1,N/A,N/A,N/A,1.3,0.2,0.1
